1,contenu test Alix,2024-02-07,14:23:37.697,,
2,contenu test Alix,2024-02-07,14:23:37.697,,
3,contenu test Alix,2024-02-07,14:23:37.697,,
5,Message 5,2024-02-07,15:04:30.324,,
6,Message 6,2024-02-07,15:05:02.94,,
7,Message 55555555,,11:41:36.549,,
9,fghgfhfgh,2024-02-26,14:28:00,,1
8,654987654654653213,,14:28:24.119,,
10,fghfgjh,2024-02-26,14:44:00,,1
11,bvcvb,2024-02-26,14:47:00,,1
12,sdfsdfd,2024-02-26,14:48:00,,1
13,vbcvbcvb,2024-02-26,15:13:00,,1
14,dfsdff,2024-02-26,15:15:00,,1
18,"{                '"content'":'"coucouBisBis'",
               '"user'" :[ {
    '"id'" : 1
    }

               
                
}",2024-02-26,15:57:00,,
20,coucouBisBis,2024-02-26,15:58:00,,
21,Aujiourd'hui notre 1er jour pour démarrer le projet,2024-02-26,16:47:00,11,4
4,Aujiourd'hui notre 1er jour pour démarrer le projet,2024-02-26,16:47:00,11,4
